Sheet Number,Sheet Name
A101,Level 01 Floor Plan
A102,Level 02 Floor Plan
A103,Level 03 Floor Plan
A104,Level 04 Floor Plan
A105,Level 05 Floor Plan
A106,Level 06 Floor Plan
A107,Level 07 Floor Plan
A108,Level 08 Floor Plan
A109,Level 09 Floor Plan
A110,Level 10 Floor Plan
A111,Level 11 Floor Plan
A112,Level 12 Floor Plan
A113,Level 13 Floor Plan
A114,Level 14 Floor Plan
A115,Level 15 Floor Plan
A116,Level 16 Floor Plan
A117,Level 17 Floor Plan
A118,Level 18 Floor Plan
A119,Level 19 Floor Plan
A120,Level 20 Floor Plan
A121,Level 21 Floor Plan
A122,Level 22 Floor Plan
A123,Level 23 Floor Plan
A124,Level 24 Floor Plan
A125,Level 25 Floor Plan
A126,Level 26 Floor Plan
A127,Level 27 Floor Plan
A128,Level 28 Floor Plan
A129,Level 29 Floor Plan
A130,Level 30 Floor Plan
A131,Level 31 Floor Plan
A132,Level 32 Floor Plan
A133,Level 33 Floor Plan
A134,Level 34 Floor Plan
A135,Level 35 Floor Plan
A136,Level 36 Floor Plan
A137,Level 37 Floor Plan
A138,Level 38 Floor Plan
A139,Level 39 Floor Plan
A140,Level 40 Floor Plan
A141,Level 41 Floor Plan
A142,Level 42 Floor Plan
A143,Level 43 Floor Plan
A144,Level 44 Floor Plan
A145,Level 45 Floor Plan
A146,Level 46 Floor Plan
A147,Level 47 Floor Plan
A148,Level 48 Floor Plan
A149,Level 49 Floor Plan
A150,Level 50 Floor Plan
A151,Roof Plan
A201,Level 01 RCP
A202,Level 02 RCP
A203,Level 03 RCP
A204,Level 04 RCP
A205,Level 05 RCP
A206,Level 06 RCP
A207,Level 07 RCP
A208,Level 08 RCP
A209,Level 09 RCP
A210,Level 10 RCP
A211,Level 11 RCP
A212,Level 12 RCP
A213,Level 13 RCP
A214,Level 14 RCP
A215,Level 15 RCP
A216,Level 16 RCP
A217,Level 17 RCP
A218,Level 18 RCP
A219,Level 19 RCP
A220,Level 20 RCP
A221,Level 21 RCP
A222,Level 22 RCP
A223,Level 23 RCP
A224,Level 24 RCP
A225,Level 25 RCP
A226,Level 26 RCP
A227,Level 27 RCP
A228,Level 28 RCP
A229,Level 29 RCP
A230,Level 30 RCP
A231,Level 31 RCP
A232,Level 32 RCP
A233,Level 33 RCP
A234,Level 34 RCP
A235,Level 35 RCP
A236,Level 36 RCP
A237,Level 37 RCP
A238,Level 38 RCP
A239,Level 39 RCP
A240,Level 40 RCP
A241,Level 41 RCP
A242,Level 42 RCP
A243,Level 43 RCP
A244,Level 44 RCP
A245,Level 45 RCP
A246,Level 46 RCP
A247,Level 47 RCP
A248,Level 48 RCP
A249,Level 49 RCP
